Sensor_ID,Timestamp,Temperature,Humidity,Pressure
S0,2024/11/09 17:33:38,-7.21,55.59,
S1,2024/11/09 17:43:38,37.9,32.03,1073.31
S2,2024/11/09 17:53:38,23.72,31.07,
S3,2024/11/09 18:03:38,45.77,51.6,1082.9
S4,2024/11/09 18:13:38,-3.04,21.97,1079.96
S5,2024/11/09 18:23:38,18.78,40.76,1040.12
S6,2024/11/09 18:33:38,11.63,53.05,1060.28
S7,2024/11/09 18:43:38,20.78,38.89,1019.66
S8,2024/11/09 18:53:38,31.68,64.21,
S9,2024/11/09 19:03:38,31.93,39.32,
S0,2024/11/09 19:13:38,33.87,37.11,935.58
S1,2024/11/09 19:23:38,16.89,89.97,928.92
S2,2024/11/09 19:33:38,16.93,40.98,963.9
S3,2024/11/09 19:43:38,16.03,22.99,
S4,2024/11/09 19:53:38,15.8,48.1,
S5,2024/11/09 20:03:38,35.19,14.3,973.65
S6,2024/11/09 20:13:38,34.03,10.96,934.6
S7,2024/11/09 20:23:38,-6.72,39.72,
S8,2024/11/09 20:33:38,11.46,79.57,1007.54
S9,2024/11/09 20:43:38,20.77,56.72,1094.71
S0,2024/11/09 20:53:38,15.39,11.89,923.19
S1,2024/11/09 21:03:38,12.22,57.13,
S2,2024/11/09 21:13:38,44.18,44.77,
S3,2024/11/09 21:23:38,-8.35,63.48,
S4,2024/11/09 21:33:38,1.52,66.4,
S5,2024/11/09 21:43:38,33.84,27.54,1030.37
S6,2024/11/09 21:53:38,5.6,68.64,1088.06
S7,2024/11/09 22:03:38,-8.18,37.61,
S8,2024/11/09 22:13:38,17.16,24.04,1022.08
S9,2024/11/09 22:23:38,-1.45,25.92,1008.24
S0,2024/11/09 22:33:38,-4.68,88.29,1066.54
S1,2024/11/09 22:43:38,4.02,85.5,1001.56
S2,2024/11/09 22:53:38,5.17,12.41,
S3,2024/11/09 23:03:38,26.56,52.39,1055.06
S4,2024/11/09 23:13:38,22.0,88.36,1039.69
S5,2024/11/09 23:23:38,47.12,15.57,
S6,2024/11/09 23:33:38,-8.37,89.12,910.56
S7,2024/11/09 23:43:38,31.54,32.75,
S8,2024/11/09 23:53:38,9.99,13.0,
S9,2024/11/10 00:03:38,10.9,57.15,
S0,2024/11/10 00:13:38,32.74,67.87,
S1,2024/11/10 00:23:38,-3.68,86.95,1050.3
S2,2024/11/10 00:33:38,8.4,59.49,1001.71
S3,2024/11/10 00:43:38,17.78,19.39,
S4,2024/11/10 00:53:38,10.99,44.4,
S5,2024/11/10 01:03:38,-6.29,53.94,925.95
S6,2024/11/10 01:13:38,25.25,55.54,
S7,2024/11/10 01:23:38,26.82,37.7,969.43
S8,2024/11/10 01:33:38,40.25,63.68,1062.93
S9,2024/11/10 01:43:38,16.38,74.99,
S0,2024/11/10 01:53:38,12.22,37.39,1028.21
S1,2024/11/10 02:03:38,15.31,25.55,952.7
S2,2024/11/10 02:13:38,46.82,16.62,971.03
S3,2024/11/10 02:23:38,40.05,37.55,
S4,2024/11/10 02:33:38,-9.61,44.23,
S5,2024/11/10 02:43:38,23.51,69.62,
S6,2024/11/10 02:53:38,36.98,70.13,
S7,2024/11/10 03:03:38,39.01,11.64,
S8,2024/11/10 03:13:38,1.41,72.44,
S9,2024/11/10 03:23:38,2.53,60.32,
S0,2024/11/10 03:33:38,34.87,54.61,
S1,2024/11/10 03:43:38,18.87,41.22,920.34
S2,2024/11/10 03:53:38,22.15,29.46,993.89
S3,2024/11/10 04:03:38,8.56,26.71,
S4,2024/11/10 04:13:38,47.97,66.4,1022.92
S5,2024/11/10 04:23:38,38.72,27.45,974.16
S6,2024/11/10 04:33:38,-7.83,11.54,953.35
S7,2024/11/10 04:43:38,21.56,70.93,949.75
S8,2024/11/10 04:53:38,30.23,63.91,1003.53
S9,2024/11/10 05:03:38,41.0,18.6,
S0,2024/11/10 05:13:38,27.26,17.5,1082.5
S1,2024/11/10 05:23:38,15.26,20.75,
S2,2024/11/10 05:33:38,8.47,30.06,
S3,2024/11/10 05:43:38,9.21,45.81,1062.9
S4,2024/11/10 05:53:38,11.01,56.86,
S5,2024/11/10 06:03:38,49.95,19.5,
S6,2024/11/10 06:13:38,37.23,46.05,
S7,2024/11/10 06:23:38,27.08,74.86,
S8,2024/11/10 06:33:38,39.39,44.47,
S9,2024/11/10 06:43:38,15.36,39.24,988.3
S0,2024/11/10 06:53:38,25.26,51.2,
S1,2024/11/10 07:03:38,25.89,55.21,
S2,2024/11/10 07:13:38,1.83,37.75,
S3,2024/11/10 07:23:38,22.46,81.04,995.1
S4,2024/11/10 07:33:38,37.19,10.06,902.97
S5,2024/11/10 07:43:38,31.59,32.36,
S6,2024/11/10 07:53:38,-8.21,89.29,
S7,2024/11/10 08:03:38,32.35,49.4,
S8,2024/11/10 08:13:38,18.49,79.59,
S9,2024/11/10 08:23:38,-6.78,64.41,1074.82
S0,2024/11/10 08:33:38,2.49,46.87,1033.32
S1,2024/11/10 08:43:38,26.07,40.68,
S2,2024/11/10 08:53:38,28.71,46.38,
S3,2024/11/10 09:03:38,23.02,45.25,937.78
S4,2024/11/10 09:13:38,30.12,43.06,1067.32
S5,2024/11/10 09:23:38,19.54,24.81,1020.31
S6,2024/11/10 09:33:38,35.57,11.09,1071.41
S7,2024/11/10 09:43:38,9.31,81.93,973.85
S8,2024/11/10 09:53:38,-6.57,30.98,1067.69
S9,2024/11/10 10:03:38,17.51,30.69,
S0,2024/11/10 10:13:38,31.61,36.46,
S1,2024/11/10 10:23:38,41.57,24.18,914.88
S2,2024/11/10 10:33:38,-4.65,60.58,
S3,2024/11/10 10:43:38,23.4,49.86,
S4,2024/11/10 10:53:38,36.4,87.9,971.58
S5,2024/11/10 11:03:38,46.89,33.07,
S6,2024/11/10 11:13:38,-6.54,25.92,
S7,2024/11/10 11:23:38,27.58,11.68,
S8,2024/11/10 11:33:38,10.7,67.61,972.41
S9,2024/11/10 11:43:38,42.04,22.8,
S0,2024/11/10 11:53:38,17.44,60.36,948.15
S1,2024/11/10 12:03:38,7.0,12.99,
S2,2024/11/10 12:13:38,32.32,42.55,920.87
S3,2024/11/10 12:23:38,31.97,68.12,1001.93
S4,2024/11/10 12:33:38,2.46,36.03,
S5,2024/11/10 12:43:38,36.58,83.14,
S6,2024/11/10 12:53:38,8.05,87.17,936.66
S7,2024/11/10 13:03:38,14.11,52.3,969.34
S8,2024/11/10 13:13:38,22.6,65.62,
S9,2024/11/10 13:23:38,40.97,20.07,1009.45
S0,2024/11/10 13:33:38,2.53,49.56,
S1,2024/11/10 13:43:38,-7.38,42.29,
S2,2024/11/10 13:53:38,28.6,45.6,1088.2
S3,2024/11/10 14:03:38,7.85,49.96,
S4,2024/11/10 14:13:38,47.99,18.0,
S5,2024/11/10 14:23:38,12.16,83.51,1024.36
S6,2024/11/10 14:33:38,41.14,76.47,
S7,2024/11/10 14:43:38,32.74,49.6,1001.43
S8,2024/11/10 14:53:38,35.23,26.18,1013.78
S9,2024/11/10 15:03:38,-1.99,78.18,
S0,2024/11/10 15:13:38,43.73,55.16,
S1,2024/11/10 15:23:38,-5.68,30.88,1063.28
S2,2024/11/10 15:33:38,40.99,55.27,919.9
S3,2024/11/10 15:43:38,45.16,88.59,
S4,2024/11/10 15:53:38,-7.42,27.4,
S5,2024/11/10 16:03:38,1.96,52.41,1050.15
S6,2024/11/10 16:13:38,29.57,47.02,
S7,2024/11/10 16:23:38,16.03,86.89,
S8,2024/11/10 16:33:38,42.5,80.76,
S9,2024/11/10 16:43:38,25.95,69.88,923.5
S0,2024/11/10 16:53:38,40.94,65.55,
S1,2024/11/10 17:03:38,35.03,41.93,
S2,2024/11/10 17:13:38,22.61,18.89,
S3,2024/11/10 17:23:38,28.53,62.47,1079.03
S4,2024/11/10 17:33:38,4.02,75.1,
S5,2024/11/10 17:43:38,16.91,87.89,
S6,2024/11/10 17:53:38,-1.62,15.37,954.74
S7,2024/11/10 18:03:38,23.46,10.86,
S8,2024/11/10 18:13:38,5.27,20.25,1072.55
S9,2024/11/10 18:23:38,9.65,38.96,1083.09
S0,2024/11/10 18:33:38,13.38,21.91,972.84
S1,2024/11/10 18:43:38,9.39,66.72,
S2,2024/11/10 18:53:38,49.63,31.96,1012.42
S3,2024/11/10 19:03:38,-6.64,50.33,
S4,2024/11/10 19:13:38,-7.64,70.38,
S5,2024/11/10 19:23:38,43.46,79.81,
S6,2024/11/10 19:33:38,12.38,41.56,1057.83
S7,2024/11/10 19:43:38,35.15,65.98,934.95
S8,2024/11/10 19:53:38,47.01,31.27,1026.48
S9,2024/11/10 20:03:38,25.07,78.32,1034.62
S0,2024/11/10 20:13:38,26.26,78.55,990.96
S1,2024/11/10 20:23:38,49.33,18.87,
S2,2024/11/10 20:33:38,31.71,76.94,
S3,2024/11/10 20:43:38,-8.85,74.32,
S4,2024/11/10 20:53:38,29.55,46.12,921.45
S5,2024/11/10 21:03:38,8.65,22.13,921.4
S6,2024/11/10 21:13:38,3.39,84.87,998.68
S7,2024/11/10 21:23:38,18.03,80.84,943.25
S8,2024/11/10 21:33:38,20.42,59.48,
S9,2024/11/10 21:43:38,-0.79,49.16,902.1
S0,2024/11/10 21:53:38,-2.47,77.34,1086.95
S1,2024/11/10 22:03:38,49.06,86.02,1090.54
S2,2024/11/10 22:13:38,8.31,84.21,
S3,2024/11/10 22:23:38,45.79,23.17,
S4,2024/11/10 22:33:38,31.58,42.98,1017.84
S5,2024/11/10 22:43:38,-1.54,13.25,
S6,2024/11/10 22:53:38,16.13,13.55,
S7,2024/11/10 23:03:38,20.21,82.51,1015.54
S8,2024/11/10 23:13:38,33.15,38.58,920.35
S9,2024/11/10 23:23:38,31.65,20.26,
S0,2024/11/10 23:33:38,30.64,52.49,1047.14
S1,2024/11/10 23:43:38,3.48,84.95,
S2,2024/11/10 23:53:38,35.42,50.63,
S3,2024/11/11 00:03:38,-8.62,57.16,1002.44
S4,2024/11/11 00:13:38,21.71,62.75,
S5,2024/11/11 00:23:38,8.35,85.55,
S6,2024/11/11 00:33:38,0.61,86.26,
S7,2024/11/11 00:43:38,2.15,40.3,1054.0
S8,2024/11/11 00:53:38,32.18,46.28,918.27
S9,2024/11/11 01:03:38,27.15,18.49,
S0,2024/11/11 01:13:38,33.04,71.83,
S1,2024/11/11 01:23:38,28.09,38.16,974.14
S2,2024/11/11 01:33:38,35.83,46.65,1060.95
S3,2024/11/11 01:43:38,-6.47,13.76,1047.5
S4,2024/11/11 01:53:38,27.88,47.14,
S5,2024/11/11 02:03:38,43.82,36.57,
S6,2024/11/11 02:13:38,7.08,47.2,
S7,2024/11/11 02:23:38,39.11,88.83,
S8,2024/11/11 02:33:38,2.75,67.43,1057.54
S9,2024/11/11 02:43:38,12.8,23.55,1040.77
S0,2024/11/11 02:53:38,43.82,58.41,928.24
S1,2024/11/11 03:03:38,-1.1,39.46,930.49
S2,2024/11/11 03:13:38,24.61,12.99,956.69
S3,2024/11/11 03:23:38,1.72,13.22,1063.13
S4,2024/11/11 03:33:38,1.44,15.95,1030.46
S5,2024/11/11 03:43:38,49.47,51.28,941.89
S6,2024/11/11 03:53:38,36.52,15.54,
S7,2024/11/11 04:03:38,44.94,72.93,
S8,2024/11/11 04:13:38,35.77,12.69,
S9,2024/11/11 04:23:38,39.12,16.94,
S0,2024/11/11 04:33:38,26.66,66.99,1081.51
S1,2024/11/11 04:43:38,17.89,86.0,1074.55
S2,2024/11/11 04:53:38,16.11,25.13,
S3,2024/11/11 05:03:38,37.15,77.21,
S4,2024/11/11 05:13:38,37.01,52.54,1029.12
S5,2024/11/11 05:23:38,32.65,86.92,952.77
S6,2024/11/11 05:33:38,-0.64,16.69,992.05
S7,2024/11/11 05:43:38,-9.42,36.6,
S8,2024/11/11 05:53:38,-8.11,89.34,926.6
S9,2024/11/11 06:03:38,44.59,80.72,1053.22
S0,2024/11/11 06:13:38,16.47,23.41,1014.29
S1,2024/11/11 06:23:38,24.71,45.79,
S2,2024/11/11 06:33:38,26.8,57.01,
S3,2024/11/11 06:43:38,-3.49,15.21,1054.77
S4,2024/11/11 06:53:38,29.2,59.41,1035.04
S5,2024/11/11 07:03:38,40.61,32.21,1096.99
S6,2024/11/11 07:13:38,9.06,69.69,935.72
S7,2024/11/11 07:23:38,28.01,31.29,1003.08
S8,2024/11/11 07:33:38,40.94,85.15,
S9,2024/11/11 07:43:38,-5.86,63.43,1084.65
S0,2024/11/11 07:53:38,43.16,22.93,984.94
S1,2024/11/11 08:03:38,45.52,57.8,1031.23
S2,2024/11/11 08:13:38,29.21,73.44,1069.49
S3,2024/11/11 08:23:38,42.98,10.1,969.27
S4,2024/11/11 08:33:38,44.76,52.7,925.15
S5,2024/11/11 08:43:38,43.28,76.55,1001.49
S6,2024/11/11 08:53:38,5.68,71.19,1082.61
S7,2024/11/11 09:03:38,15.16,66.21,973.22
S8,2024/11/11 09:13:38,33.22,39.8,1021.21
S9,2024/11/11 09:23:38,40.71,65.21,
S0,2024/11/11 09:33:38,27.05,21.52,
S1,2024/11/11 09:43:38,-6.74,36.06,959.96
S2,2024/11/11 09:53:38,29.42,53.46,1093.74
S3,2024/11/11 10:03:38,22.22,21.59,1012.08
S4,2024/11/11 10:13:38,47.77,47.48,
S5,2024/11/11 10:23:38,24.89,59.59,
S6,2024/11/11 10:33:38,29.61,73.74,902.27
S7,2024/11/11 10:43:38,41.09,79.4,1046.07
S8,2024/11/11 10:53:38,48.16,83.53,
S9,2024/11/11 11:03:38,19.73,78.22,1041.14
S0,2024/11/11 11:13:38,6.68,21.07,1008.5
S1,2024/11/11 11:23:38,24.52,36.62,
S2,2024/11/11 11:33:38,11.49,46.56,
S3,2024/11/11 11:43:38,34.85,32.05,
S4,2024/11/11 11:53:38,2.73,16.12,
S5,2024/11/11 12:03:38,-3.3,25.47,
S6,2024/11/11 12:13:38,45.64,16.45,1009.02
S7,2024/11/11 12:23:38,40.87,85.38,
S8,2024/11/11 12:33:38,47.48,39.6,979.02
S9,2024/11/11 12:43:38,31.28,86.55,1038.13
S0,2024/11/11 12:53:38,29.03,79.0,
S1,2024/11/11 13:03:38,32.87,27.74,
S2,2024/11/11 13:13:38,45.02,58.66,
S3,2024/11/11 13:23:38,32.4,48.64,963.28
S4,2024/11/11 13:33:38,27.81,31.0,993.89
S5,2024/11/11 13:43:38,32.19,11.93,
S6,2024/11/11 13:53:38,15.96,72.3,984.23
S7,2024/11/11 14:03:38,44.12,47.24,906.56
S8,2024/11/11 14:13:38,49.51,47.5,1077.2
S9,2024/11/11 14:23:38,-3.21,35.2,1058.78
S0,2024/11/11 14:33:38,35.59,35.49,907.4
S1,2024/11/11 14:43:38,6.99,81.92,
S2,2024/11/11 14:53:38,3.69,76.81,961.73
S3,2024/11/11 15:03:38,22.38,60.83,963.38
S4,2024/11/11 15:13:38,40.87,32.23,1079.4
S5,2024/11/11 15:23:38,24.35,13.13,
S6,2024/11/11 15:33:38,29.77,24.19,954.62
S7,2024/11/11 15:43:38,21.88,35.96,
S8,2024/11/11 15:53:38,12.66,43.64,
S9,2024/11/11 16:03:38,8.42,63.47,
S0,2024/11/11 16:13:38,13.95,87.03,974.67
S1,2024/11/11 16:23:38,43.38,85.85,941.6
S2,2024/11/11 16:33:38,34.38,39.02,969.51
S3,2024/11/11 16:43:38,4.9,37.35,902.64
S4,2024/11/11 16:53:38,-0.7,55.94,1028.31
S5,2024/11/11 17:03:38,31.25,75.33,
S6,2024/11/11 17:13:38,42.7,60.95,
S7,2024/11/11 17:23:38,10.99,52.14,1078.66
S8,2024/11/11 17:33:38,46.36,58.28,
S9,2024/11/11 17:43:38,45.26,30.04,998.27
S0,2024/11/11 17:53:38,0.02,76.39,934.52
S1,2024/11/11 18:03:38,1.88,23.71,1078.51
S2,2024/11/11 18:13:38,38.8,26.83,1096.94
S3,2024/11/11 18:23:38,25.79,46.79,
S4,2024/11/11 18:33:38,28.34,78.68,1079.19
S5,2024/11/11 18:43:38,8.57,39.79,
S6,2024/11/11 18:53:38,10.37,72.82,945.8
S7,2024/11/11 19:03:38,41.83,54.81,
S8,2024/11/11 19:13:38,5.88,38.2,1009.27
S9,2024/11/11 19:23:38,2.14,86.48,969.48
S0,2024/11/11 19:33:38,33.05,39.28,
S1,2024/11/11 19:43:38,13.65,54.53,1061.72
S2,2024/11/11 19:53:38,36.65,46.09,
S3,2024/11/11 20:03:38,20.84,64.83,939.89
S4,2024/11/11 20:13:38,9.55,10.93,
S5,2024/11/11 20:23:38,-0.96,84.68,
S6,2024/11/11 20:33:38,12.84,62.05,1083.55
S7,2024/11/11 20:43:38,20.98,66.01,
S8,2024/11/11 20:53:38,-2.03,77.03,
S9,2024/11/11 21:03:38,49.86,34.27,923.21
S0,2024/11/11 21:13:38,39.7,44.73,
S1,2024/11/11 21:23:38,12.22,32.51,955.5
S2,2024/11/11 21:33:38,0.57,22.26,
S3,2024/11/11 21:43:38,27.91,21.85,994.86
S4,2024/11/11 21:53:38,27.27,50.28,
S5,2024/11/11 22:03:38,16.51,27.29,1081.31
S6,2024/11/11 22:13:38,15.4,40.01,945.23
S7,2024/11/11 22:23:38,33.07,12.04,
S8,2024/11/11 22:33:38,40.61,55.27,
S9,2024/11/11 22:43:38,20.79,22.12,
S0,2024/11/11 22:53:38,-7.57,40.03,
S1,2024/11/11 23:03:38,29.46,53.27,
S2,2024/11/11 23:13:38,27.21,85.4,
S3,2024/11/11 23:23:38,39.72,14.32,1063.33
S4,2024/11/11 23:33:38,34.66,17.84,965.07
S5,2024/11/11 23:43:38,45.87,88.29,1027.76
S6,2024/11/11 23:53:38,19.18,78.16,1014.71
S7,2024/11/12 00:03:38,12.54,64.94,982.06
S8,2024/11/12 00:13:38,13.69,78.49,1013.05
S9,2024/11/12 00:23:38,29.7,38.48,1043.83
S0,2024/11/12 00:33:38,33.56,18.8,1087.23
S1,2024/11/12 00:43:38,4.84,19.03,978.01
S2,2024/11/12 00:53:38,19.32,19.25,
S3,2024/11/12 01:03:38,44.6,72.91,946.13
S4,2024/11/12 01:13:38,-3.26,35.07,
S5,2024/11/12 01:23:38,7.17,57.94,
S6,2024/11/12 01:33:38,46.34,64.86,
S7,2024/11/12 01:43:38,9.51,62.31,987.0
S8,2024/11/12 01:53:38,21.06,84.91,
S9,2024/11/12 02:03:38,45.35,86.67,
S0,2024/11/12 02:13:38,10.04,85.24,933.55
S1,2024/11/12 02:23:38,27.54,23.13,1088.72
S2,2024/11/12 02:33:38,31.08,80.79,
S3,2024/11/12 02:43:38,19.51,58.11,1097.5
S4,2024/11/12 02:53:38,33.07,45.88,
S5,2024/11/12 03:03:38,8.37,38.79,1001.84
S6,2024/11/12 03:13:38,12.02,89.02,
S7,2024/11/12 03:23:38,48.59,14.34,1087.7
S8,2024/11/12 03:33:38,6.65,85.17,
S9,2024/11/12 03:43:38,-0.32,44.53,
S0,2024/11/12 03:53:38,43.11,20.69,
S1,2024/11/12 04:03:38,38.27,83.87,929.57
S2,2024/11/12 04:13:38,24.5,79.21,
S3,2024/11/12 04:23:38,42.3,73.0,
S4,2024/11/12 04:33:38,23.28,50.4,
S5,2024/11/12 04:43:38,32.76,15.43,958.46
S6,2024/11/12 04:53:38,37.68,42.04,943.44
S7,2024/11/12 05:03:38,12.12,54.42,967.64
S8,2024/11/12 05:13:38,7.77,77.32,
S9,2024/11/12 05:23:38,30.55,29.53,1071.51
S0,2024/11/12 05:33:38,-2.0,17.24,1094.49
S1,2024/11/12 05:43:38,40.03,85.44,1094.31
S2,2024/11/12 05:53:38,29.18,11.88,983.91
S3,2024/11/12 06:03:38,6.72,39.56,
S4,2024/11/12 06:13:38,44.46,76.1,934.57
S5,2024/11/12 06:23:38,48.6,59.07,
S6,2024/11/12 06:33:38,-6.44,46.17,1010.18
S7,2024/11/12 06:43:38,35.42,32.95,
S8,2024/11/12 06:53:38,-2.81,44.26,1088.18
S9,2024/11/12 07:03:38,5.23,58.96,987.91
S0,2024/11/12 07:13:38,-1.81,85.85,
S1,2024/11/12 07:23:38,47.08,46.23,1072.72
S2,2024/11/12 07:33:38,2.28,88.54,1020.96
S3,2024/11/12 07:43:38,1.9,52.83,
S4,2024/11/12 07:53:38,32.83,86.29,1091.12
S5,2024/11/12 08:03:38,39.12,12.88,1085.34
S6,2024/11/12 08:13:38,12.8,11.1,
S7,2024/11/12 08:23:38,18.13,44.47,903.92
S8,2024/11/12 08:33:38,23.52,11.2,1092.51
S9,2024/11/12 08:43:38,30.11,26.64,1060.15
S0,2024/11/12 08:53:38,-1.93,19.95,
S1,2024/11/12 09:03:38,21.63,69.53,1045.08
S2,2024/11/12 09:13:38,-1.74,19.39,
S3,2024/11/12 09:23:38,12.87,79.94,1035.48
S4,2024/11/12 09:33:38,23.84,65.44,
S5,2024/11/12 09:43:38,4.55,89.66,
S6,2024/11/12 09:53:38,10.85,29.84,
S7,2024/11/12 10:03:38,5.65,33.95,987.34
S8,2024/11/12 10:13:38,-4.99,17.25,
S9,2024/11/12 10:23:38,42.99,89.0,932.52
S0,2024/11/12 10:33:38,20.19,58.5,1027.69
S1,2024/11/12 10:43:38,-0.36,70.39,933.09
S2,2024/11/12 10:53:38,48.77,47.81,1065.4
S3,2024/11/12 11:03:38,-0.23,49.9,994.8
S4,2024/11/12 11:13:38,8.04,54.38,1023.16
S5,2024/11/12 11:23:38,42.54,29.43,
S6,2024/11/12 11:33:38,-0.28,52.89,
S7,2024/11/12 11:43:38,-2.5,35.45,
S8,2024/11/12 11:53:38,6.32,22.8,
S9,2024/11/12 12:03:38,13.74,83.51,
S0,2024/11/12 12:13:38,22.87,58.24,962.14
S1,2024/11/12 12:23:38,34.78,30.52,1055.07
S2,2024/11/12 12:33:38,3.5,78.88,939.63
S3,2024/11/12 12:43:38,33.7,49.42,963.8
S4,2024/11/12 12:53:38,5.79,68.26,952.6
S5,2024/11/12 13:03:38,11.16,49.25,
S6,2024/11/12 13:13:38,7.08,84.83,
S7,2024/11/12 13:23:38,4.76,50.99,
S8,2024/11/12 13:33:38,28.27,82.38,906.63
S9,2024/11/12 13:43:38,12.73,36.34,1078.3
S0,2024/11/12 13:53:38,40.68,56.49,
S1,2024/11/12 14:03:38,48.03,57.64,
S2,2024/11/12 14:13:38,44.08,82.06,
S3,2024/11/12 14:23:38,-3.59,72.61,
S4,2024/11/12 14:33:38,21.83,32.6,947.12
S5,2024/11/12 14:43:38,22.64,87.63,926.07
S6,2024/11/12 14:53:38,48.22,66.66,
S7,2024/11/12 15:03:38,45.88,89.34,938.02
S8,2024/11/12 15:13:38,44.49,38.14,1029.16
S9,2024/11/12 15:23:38,41.52,32.03,951.89
S0,2024/11/12 15:33:38,6.72,26.95,
S1,2024/11/12 15:43:38,47.81,59.59,910.15
S2,2024/11/12 15:53:38,48.32,18.72,
S3,2024/11/12 16:03:38,-0.84,69.08,908.27
S4,2024/11/12 16:13:38,0.76,51.8,1083.12
S5,2024/11/12 16:23:38,28.43,60.2,1058.2
S6,2024/11/12 16:33:38,-2.73,89.46,947.25
S7,2024/11/12 16:43:38,9.15,65.92,1051.44
S8,2024/11/12 16:53:38,27.9,61.19,
S9,2024/11/12 17:03:38,10.44,69.56,949.53
S0,2024/11/12 17:13:38,8.97,39.45,991.75
S1,2024/11/12 17:23:38,-7.4,26.97,
S2,2024/11/12 17:33:38,27.75,54.71,
S3,2024/11/12 17:43:38,-3.29,15.65,
S4,2024/11/12 17:53:38,49.89,12.74,
S5,2024/11/12 18:03:38,9.47,65.57,908.02
S6,2024/11/12 18:13:38,5.28,59.82,1063.81
S7,2024/11/12 18:23:38,27.24,29.87,1001.16
S8,2024/11/12 18:33:38,-0.67,54.35,
S9,2024/11/12 18:43:38,34.84,44.79,
S0,2024/11/12 18:53:38,-3.02,34.16,
S1,2024/11/12 19:03:38,-8.19,46.22,1053.0
S2,2024/11/12 19:13:38,18.82,37.87,938.53
S3,2024/11/12 19:23:38,22.1,40.79,902.99
S4,2024/11/12 19:33:38,41.75,79.31,1028.75
S5,2024/11/12 19:43:38,6.39,62.68,
S6,2024/11/12 19:53:38,2.41,60.97,
S7,2024/11/12 20:03:38,-6.54,88.42,1086.1
S8,2024/11/12 20:13:38,26.86,27.85,1053.06
S9,2024/11/12 20:23:38,42.94,73.12,
S0,2024/11/12 20:33:38,5.49,63.21,977.28
S1,2024/11/12 20:43:38,32.7,53.06,
S2,2024/11/12 20:53:38,5.5,60.82,1019.42
S3,2024/11/12 21:03:38,11.07,10.48,931.21
S4,2024/11/12 21:13:38,48.41,32.88,
S5,2024/11/12 21:23:38,29.55,24.17,
S6,2024/11/12 21:33:38,-7.02,39.88,
S7,2024/11/12 21:43:38,26.54,65.46,1085.93
S8,2024/11/12 21:53:38,14.24,36.31,944.7
S9,2024/11/12 22:03:38,43.08,63.88,1056.81
S0,2024/11/12 22:13:38,19.54,31.71,919.05
S1,2024/11/12 22:23:38,27.48,24.2,
S2,2024/11/12 22:33:38,-0.69,20.89,1086.92
S3,2024/11/12 22:43:38,49.87,27.33,992.09
S4,2024/11/12 22:53:38,-6.93,85.66,
S5,2024/11/12 23:03:38,34.49,29.29,932.38
S6,2024/11/12 23:13:38,-0.8,10.36,
S7,2024/11/12 23:23:38,26.89,64.16,976.59
S8,2024/11/12 23:33:38,43.07,14.83,
S9,2024/11/12 23:43:38,24.83,59.93,1056.5
S0,2024/11/12 23:53:38,8.45,17.17,
S1,2024/11/13 00:03:38,18.33,23.0,
S2,2024/11/13 00:13:38,14.14,53.02,
S3,2024/11/13 00:23:38,36.44,37.01,
S4,2024/11/13 00:33:38,41.71,84.91,
S5,2024/11/13 00:43:38,15.41,50.69,
S6,2024/11/13 00:53:38,37.24,42.22,915.49
S7,2024/11/13 01:03:38,33.11,52.28,1049.04
S8,2024/11/13 01:13:38,-7.11,10.54,
S9,2024/11/13 01:23:38,21.73,20.49,949.92
S0,2024/11/13 01:33:38,38.81,56.64,1001.1
S1,2024/11/13 01:43:38,4.59,76.17,995.18
S2,2024/11/13 01:53:38,48.15,30.74,1055.75
S3,2024/11/13 02:03:38,0.88,71.25,
S4,2024/11/13 02:13:38,21.99,77.21,
S5,2024/11/13 02:23:38,14.87,45.74,
S6,2024/11/13 02:33:38,-9.32,66.47,990.85
S7,2024/11/13 02:43:38,11.24,73.14,
S8,2024/11/13 02:53:38,-6.72,88.64,
S9,2024/11/13 03:03:38,18.75,21.03,
S0,2024/11/13 03:13:38,-8.19,62.7,970.6
S1,2024/11/13 03:23:38,47.57,77.8,1047.43
S2,2024/11/13 03:33:38,44.91,52.33,
S3,2024/11/13 03:43:38,42.78,58.14,1023.76
S4,2024/11/13 03:53:38,3.39,59.54,
S5,2024/11/13 04:03:38,13.82,55.73,
S6,2024/11/13 04:13:38,4.01,25.24,919.41
S7,2024/11/13 04:23:38,48.87,52.21,989.23
S8,2024/11/13 04:33:38,8.94,59.94,
S9,2024/11/13 04:43:38,45.5,15.64,1001.63
S0,2024/11/13 04:53:38,13.79,32.65,994.12
S1,2024/11/13 05:03:38,40.47,76.59,
S2,2024/11/13 05:13:38,42.85,14.68,
S3,2024/11/13 05:23:38,3.49,60.19,
S4,2024/11/13 05:33:38,28.76,70.49,
S5,2024/11/13 05:43:38,25.66,76.08,952.97
S6,2024/11/13 05:53:38,25.72,52.55,
S7,2024/11/13 06:03:38,37.41,12.71,
S8,2024/11/13 06:13:38,-1.52,45.22,1077.95
S9,2024/11/13 06:23:38,27.23,32.56,984.24
S0,2024/11/13 06:33:38,34.08,66.1,
S1,2024/11/13 06:43:38,39.19,71.15,
S2,2024/11/13 06:53:38,3.93,22.04,
S3,2024/11/13 07:03:38,-0.27,88.86,924.65
S4,2024/11/13 07:13:38,29.75,16.71,1034.67
S5,2024/11/13 07:23:38,6.63,73.89,
S6,2024/11/13 07:33:38,36.07,80.02,968.11
S7,2024/11/13 07:43:38,-9.12,58.84,
S8,2024/11/13 07:53:38,4.0,28.64,
S9,2024/11/13 08:03:38,29.37,74.25,982.83
S0,2024/11/13 08:13:38,29.87,60.1,
S1,2024/11/13 08:23:38,19.21,66.75,
S2,2024/11/13 08:33:38,3.27,18.6,1079.8
S3,2024/11/13 08:43:38,31.58,17.06,
S4,2024/11/13 08:53:38,49.59,49.83,
S5,2024/11/13 09:03:38,31.29,17.2,
S6,2024/11/13 09:13:38,47.5,50.81,964.29
S7,2024/11/13 09:23:38,4.52,75.41,
S8,2024/11/13 09:33:38,-7.22,76.75,
S9,2024/11/13 09:43:38,27.99,17.81,
S0,2024/11/13 09:53:38,13.63,81.32,1045.58
S1,2024/11/13 10:03:38,0.38,82.13,939.32
S2,2024/11/13 10:13:38,2.42,19.29,
S3,2024/11/13 10:23:38,12.29,31.53,
S4,2024/11/13 10:33:38,38.02,76.45,1082.18
S5,2024/11/13 10:43:38,9.6,68.18,
S6,2024/11/13 10:53:38,15.65,39.54,909.21
S7,2024/11/13 11:03:38,41.63,44.68,1070.91
S8,2024/11/13 11:13:38,28.63,37.56,1086.65
S9,2024/11/13 11:23:38,36.86,30.14,
S0,2024/11/13 11:33:38,22.62,27.53,
S1,2024/11/13 11:43:38,8.76,40.23,1008.3
S2,2024/11/13 11:53:38,26.34,61.41,1014.17
S3,2024/11/13 12:03:38,24.21,61.62,
S4,2024/11/13 12:13:38,7.52,33.74,
S5,2024/11/13 12:23:38,0.2,23.79,983.37
S6,2024/11/13 12:33:38,10.38,43.66,
S7,2024/11/13 12:43:38,8.82,23.89,
S8,2024/11/13 12:53:38,-4.42,38.87,1018.38
S9,2024/11/13 13:03:38,16.0,47.61,1021.39
S0,2024/11/13 13:13:38,49.36,58.21,935.5
S1,2024/11/13 13:23:38,35.21,87.46,910.75
S2,2024/11/13 13:33:38,8.21,16.78,1070.72
S3,2024/11/13 13:43:38,27.94,62.54,1084.91
S4,2024/11/13 13:53:38,27.9,85.77,1024.29
S5,2024/11/13 14:03:38,-8.74,16.3,932.75
S6,2024/11/13 14:13:38,14.33,10.63,
S7,2024/11/13 14:23:38,32.15,19.53,920.47
S8,2024/11/13 14:33:38,36.91,45.96,
S9,2024/11/13 14:43:38,13.3,15.45,1047.49
S0,2024/11/13 14:53:38,49.44,53.77,
S1,2024/11/13 15:03:38,17.13,33.09,
S2,2024/11/13 15:13:38,40.35,46.06,
S3,2024/11/13 15:23:38,35.21,31.04,
S4,2024/11/13 15:33:38,30.31,45.21,
S5,2024/11/13 15:43:38,20.05,62.8,1027.53
S6,2024/11/13 15:53:38,42.43,34.83,
S7,2024/11/13 16:03:38,16.73,47.1,953.97
S8,2024/11/13 16:13:38,19.54,38.56,1030.09
S9,2024/11/13 16:23:38,-2.54,29.63,915.34
S0,2024/11/13 16:33:38,48.64,84.4,
S1,2024/11/13 16:43:38,26.43,54.64,
S2,2024/11/13 16:53:38,37.16,20.95,903.24
S3,2024/11/13 17:03:38,-2.51,77.72,1054.97
S4,2024/11/13 17:13:38,4.99,12.17,923.49
S5,2024/11/13 17:23:38,49.95,13.89,1009.54
S6,2024/11/13 17:33:38,-0.59,87.71,946.3
S7,2024/11/13 17:43:38,21.94,20.51,
S8,2024/11/13 17:53:38,32.07,55.29,
S9,2024/11/13 18:03:38,37.55,62.11,1091.31
S0,2024/11/13 18:13:38,0.42,86.05,
S1,2024/11/13 18:23:38,13.03,68.92,
S2,2024/11/13 18:33:38,-6.16,58.49,981.88
S3,2024/11/13 18:43:38,37.43,68.92,
S4,2024/11/13 18:53:38,45.97,83.78,
S5,2024/11/13 19:03:38,14.73,85.12,916.49
S6,2024/11/13 19:13:38,20.76,52.2,1060.76
S7,2024/11/13 19:23:38,15.75,11.39,
S8,2024/11/13 19:33:38,34.64,20.78,1048.82
S9,2024/11/13 19:43:38,-7.53,51.84,963.1
S0,2024/11/13 19:53:38,13.16,35.22,956.45
S1,2024/11/13 20:03:38,46.28,72.66,
S2,2024/11/13 20:13:38,0.01,71.44,
S3,2024/11/13 20:23:38,13.4,51.81,
S4,2024/11/13 20:33:38,31.52,28.71,
S5,2024/11/13 20:43:38,27.84,89.07,
S6,2024/11/13 20:53:38,-0.27,30.04,1054.83
S7,2024/11/13 21:03:38,35.01,13.7,970.44
S8,2024/11/13 21:13:38,31.34,48.28,
S9,2024/11/13 21:23:38,17.73,42.67,
S0,2024/11/13 21:33:38,18.64,78.53,
S1,2024/11/13 21:43:38,48.84,49.38,
S2,2024/11/13 21:53:38,26.8,61.96,
S3,2024/11/13 22:03:38,9.84,30.55,904.21
S4,2024/11/13 22:13:38,17.33,35.03,947.82
S5,2024/11/13 22:23:38,43.34,54.44,924.77
S6,2024/11/13 22:33:38,26.47,79.98,
S7,2024/11/13 22:43:38,32.0,15.3,
S8,2024/11/13 22:53:38,36.93,30.13,
S9,2024/11/13 23:03:38,47.01,64.62,
S0,2024/11/13 23:13:38,17.8,10.54,
S1,2024/11/13 23:23:38,3.92,75.33,
S2,2024/11/13 23:33:38,4.19,39.0,
S3,2024/11/13 23:43:38,15.26,67.4,
S4,2024/11/13 23:53:38,46.63,24.4,
S5,2024/11/14 00:03:38,20.89,26.14,967.83
S6,2024/11/14 00:13:38,29.38,52.69,1035.49
S7,2024/11/14 00:23:38,-4.68,43.09,
S8,2024/11/14 00:33:38,24.35,71.32,
S9,2024/11/14 00:43:38,21.91,79.42,
S0,2024/11/14 00:53:38,20.78,57.87,
S1,2024/11/14 01:03:38,32.67,69.44,963.15
S2,2024/11/14 01:13:38,47.21,74.65,
S3,2024/11/14 01:23:38,10.82,11.09,
S4,2024/11/14 01:33:38,-6.4,84.02,
S5,2024/11/14 01:43:38,48.93,35.98,
S6,2024/11/14 01:53:38,25.81,40.71,
S7,2024/11/14 02:03:38,5.52,85.53,
S8,2024/11/14 02:13:38,49.68,43.37,930.53
S9,2024/11/14 02:23:38,-7.59,89.71,1056.55
S0,2024/11/14 02:33:38,15.22,57.71,996.13
S1,2024/11/14 02:43:38,10.05,84.37,966.09
S2,2024/11/14 02:53:38,14.64,44.28,
S3,2024/11/14 03:03:38,15.1,22.12,1002.31
S4,2024/11/14 03:13:38,48.8,31.19,
S5,2024/11/14 03:23:38,35.73,13.36,
S6,2024/11/14 03:33:38,25.02,42.37,1050.71
S7,2024/11/14 03:43:38,-8.77,27.57,
S8,2024/11/14 03:53:38,-9.62,88.62,
S9,2024/11/14 04:03:38,-0.05,54.98,
S0,2024/11/14 04:13:38,32.08,21.07,999.76
S1,2024/11/14 04:23:38,-6.47,14.67,1065.27
S2,2024/11/14 04:33:38,9.63,71.96,
S3,2024/11/14 04:43:38,23.25,40.65,928.86
S4,2024/11/14 04:53:38,43.48,47.37,
S5,2024/11/14 05:03:38,11.24,54.21,
S6,2024/11/14 05:13:38,2.39,78.78,929.81
S7,2024/11/14 05:23:38,-2.83,43.03,1056.71
S8,2024/11/14 05:33:38,26.99,44.99,
S9,2024/11/14 05:43:38,19.51,51.39,1037.36
S0,2024/11/14 05:53:38,20.47,77.66,
S1,2024/11/14 06:03:38,48.23,74.29,937.49
S2,2024/11/14 06:13:38,10.02,24.34,1061.75
S3,2024/11/14 06:23:38,-1.43,76.18,953.88
S4,2024/11/14 06:33:38,41.5,66.58,1008.95
S5,2024/11/14 06:43:38,24.97,75.61,973.33
S6,2024/11/14 06:53:38,30.46,38.03,
S7,2024/11/14 07:03:38,5.89,59.02,953.55
S8,2024/11/14 07:13:38,1.42,42.81,
S9,2024/11/14 07:23:38,48.01,33.87,
S0,2024/11/14 07:33:38,8.46,46.64,
S1,2024/11/14 07:43:38,-0.83,81.37,1032.36
S2,2024/11/14 07:53:38,46.91,33.05,
S3,2024/11/14 08:03:38,23.13,60.0,900.55
S4,2024/11/14 08:13:38,10.15,11.1,
S5,2024/11/14 08:23:38,-1.13,69.68,
S6,2024/11/14 08:33:38,-2.86,82.22,917.38
S7,2024/11/14 08:43:38,21.96,50.78,1060.3
S8,2024/11/14 08:53:38,-7.44,65.58,1044.49
S9,2024/11/14 09:03:38,47.4,77.49,
S0,2024/11/14 09:13:38,43.76,48.94,
S1,2024/11/14 09:23:38,-1.17,64.83,
S2,2024/11/14 09:33:38,-3.12,28.77,
S3,2024/11/14 09:43:38,16.17,46.86,
S4,2024/11/14 09:53:38,-6.11,76.48,998.4
S5,2024/11/14 10:03:38,35.6,64.27,1080.52
S6,2024/11/14 10:13:38,45.47,34.71,1075.7
S7,2024/11/14 10:23:38,10.21,38.03,941.52
S8,2024/11/14 10:33:38,38.62,42.06,
S9,2024/11/14 10:43:38,3.1,56.33,1057.65
S0,2024/11/14 10:53:38,39.21,88.75,
S1,2024/11/14 11:03:38,28.4,81.03,1088.23
S2,2024/11/14 11:13:38,6.11,72.21,
S3,2024/11/14 11:23:38,0.63,89.94,953.25
S4,2024/11/14 11:33:38,-0.09,17.67,1097.49
S5,2024/11/14 11:43:38,34.29,60.66,
S6,2024/11/14 11:53:38,7.3,85.96,981.7
S7,2024/11/14 12:03:38,18.79,31.53,
S8,2024/11/14 12:13:38,21.73,18.24,975.88
S9,2024/11/14 12:23:38,39.54,28.06,
S0,2024/11/14 12:33:38,35.06,53.06,1053.17
S1,2024/11/14 12:43:38,21.46,20.11,1064.51
S2,2024/11/14 12:53:38,30.49,10.89,968.54
S3,2024/11/14 13:03:38,42.42,23.24,
S4,2024/11/14 13:13:38,30.72,75.0,
S5,2024/11/14 13:23:38,19.24,83.93,909.63
S6,2024/11/14 13:33:38,6.63,27.82,953.22
S7,2024/11/14 13:43:38,4.81,26.66,1054.07
S8,2024/11/14 13:53:38,43.73,17.89,
S9,2024/11/14 14:03:38,44.36,59.67,
S0,2024/11/14 14:13:38,22.51,14.42,
S1,2024/11/14 14:23:38,28.73,40.37,1068.61
S2,2024/11/14 14:33:38,20.62,79.62,1069.59
S3,2024/11/14 14:43:38,-6.57,13.66,1017.7
S4,2024/11/14 14:53:38,25.38,15.32,
S5,2024/11/14 15:03:38,-3.91,10.76,1057.0
S6,2024/11/14 15:13:38,10.23,70.84,1071.64
S7,2024/11/14 15:23:38,13.88,32.61,1004.37
S8,2024/11/14 15:33:38,24.04,15.83,1016.84
S9,2024/11/14 15:43:38,2.2,84.39,
S0,2024/11/14 15:53:38,43.95,79.11,1066.15
S1,2024/11/14 16:03:38,32.79,24.45,
S2,2024/11/14 16:13:38,49.26,48.9,966.24
S3,2024/11/14 16:23:38,24.55,55.22,929.14
S4,2024/11/14 16:33:38,33.36,67.19,
S5,2024/11/14 16:43:38,26.18,69.43,1077.98
S6,2024/11/14 16:53:38,2.43,55.69,
S7,2024/11/14 17:03:38,24.13,64.75,1092.47
S8,2024/11/14 17:13:38,-5.18,53.9,913.18
S9,2024/11/14 17:23:38,-8.6,22.76,1000.79
S0,2024/11/14 17:33:38,41.06,47.2,
S1,2024/11/14 17:43:38,37.69,78.5,1042.06
S2,2024/11/14 17:53:38,43.41,25.61,
S3,2024/11/14 18:03:38,18.87,33.36,996.64
S4,2024/11/14 18:13:38,10.47,26.62,977.03
S5,2024/11/14 18:23:38,5.27,32.34,
S6,2024/11/14 18:33:38,32.9,36.03,
S7,2024/11/14 18:43:38,30.44,26.01,998.37
S8,2024/11/14 18:53:38,19.92,81.77,
S9,2024/11/14 19:03:38,15.35,70.28,1093.92
S0,2024/11/14 19:13:38,16.82,79.32,
S1,2024/11/14 19:23:38,11.87,38.15,1078.63
S2,2024/11/14 19:33:38,43.05,58.64,941.91
S3,2024/11/14 19:43:38,27.44,67.15,1088.2
S4,2024/11/14 19:53:38,1.78,44.18,
S5,2024/11/14 20:03:38,-1.99,34.65,1083.97
S6,2024/11/14 20:13:38,46.95,24.21,
S7,2024/11/14 20:23:38,49.4,46.22,956.1
S8,2024/11/14 20:33:38,25.1,48.12,961.98
S9,2024/11/14 20:43:38,40.97,51.99,
S0,2024/11/14 20:53:38,15.94,88.56,1081.82
S1,2024/11/14 21:03:38,35.96,12.21,
S2,2024/11/14 21:13:38,22.73,41.48,
S3,2024/11/14 21:23:38,0.04,43.66,957.73
S4,2024/11/14 21:33:38,31.6,49.38,
S5,2024/11/14 21:43:38,13.85,51.49,992.31
S6,2024/11/14 21:53:38,11.75,66.59,
S7,2024/11/14 22:03:38,26.85,78.29,
S8,2024/11/14 22:13:38,-0.99,39.59,946.24
S9,2024/11/14 22:23:38,9.79,66.27,
S0,2024/11/14 22:33:38,-9.4,26.88,
S1,2024/11/14 22:43:38,28.04,21.09,1024.37
S2,2024/11/14 22:53:38,-2.67,77.24,
S3,2024/11/14 23:03:38,12.92,10.24,922.16
S4,2024/11/14 23:13:38,-5.36,33.36,947.86
S5,2024/11/14 23:23:38,0.49,22.55,948.13
S6,2024/11/14 23:33:38,49.27,49.27,1086.07
S7,2024/11/14 23:43:38,-9.29,45.87,1045.28
S8,2024/11/14 23:53:38,42.64,59.62,1030.88
S9,2024/11/15 00:03:38,39.12,47.92,
S0,2024/11/15 00:13:38,13.62,42.56,1063.19
S1,2024/11/15 00:23:38,-9.77,27.44,
S2,2024/11/15 00:33:38,21.68,83.81,925.85
S3,2024/11/15 00:43:38,25.4,24.53,
S4,2024/11/15 00:53:38,11.73,41.82,
S5,2024/11/15 01:03:38,9.14,12.4,
S6,2024/11/15 01:13:38,4.84,21.23,996.28
S7,2024/11/15 01:23:38,15.11,38.73,914.19
S8,2024/11/15 01:33:38,25.82,11.95,
S9,2024/11/15 01:43:38,3.11,11.61,1010.84
S0,2024/11/15 01:53:38,29.93,64.41,
S1,2024/11/15 02:03:38,-0.06,88.45,953.59
S2,2024/11/15 02:13:38,8.32,40.6,947.92
S3,2024/11/15 02:23:38,37.97,36.84,1013.5
S4,2024/11/15 02:33:38,40.82,62.89,938.13
S5,2024/11/15 02:43:38,10.69,16.41,918.15
S6,2024/11/15 02:53:38,5.08,80.06,
S7,2024/11/15 03:03:38,3.2,27.53,
S8,2024/11/15 03:13:38,17.0,87.93,1093.3
S9,2024/11/15 03:23:38,24.99,63.18,994.79
S0,2024/11/15 03:33:38,21.67,74.52,1032.02
S1,2024/11/15 03:43:38,3.72,60.6,
S2,2024/11/15 03:53:38,26.24,79.26,1006.75
S3,2024/11/15 04:03:38,17.38,88.07,1024.9
S4,2024/11/15 04:13:38,-9.22,80.28,932.05
S5,2024/11/15 04:23:38,18.12,37.31,911.71
S6,2024/11/15 04:33:38,19.84,80.82,
S7,2024/11/15 04:43:38,12.03,71.46,911.41
S8,2024/11/15 04:53:38,11.33,59.82,1046.77
S9,2024/11/15 05:03:38,48.53,30.8,
S0,2024/11/15 05:13:38,30.78,67.77,
S1,2024/11/15 05:23:38,10.22,21.9,
S2,2024/11/15 05:33:38,21.57,81.64,940.92
S3,2024/11/15 05:43:38,35.62,18.35,926.35
S4,2024/11/15 05:53:38,19.23,85.14,1058.86
S5,2024/11/15 06:03:38,21.36,37.29,
S6,2024/11/15 06:13:38,1.45,23.83,
S7,2024/11/15 06:23:38,30.47,43.13,967.35
S8,2024/11/15 06:33:38,34.18,56.79,974.68
S9,2024/11/15 06:43:38,-3.67,19.43,984.21
S0,2024/11/15 06:53:38,4.61,37.91,
S1,2024/11/15 07:03:38,41.66,34.75,
S2,2024/11/15 07:13:38,25.24,69.17,982.62
S3,2024/11/15 07:23:38,42.4,34.49,
S4,2024/11/15 07:33:38,49.48,25.58,1074.93
S5,2024/11/15 07:43:38,47.59,80.65,1070.21
S6,2024/11/15 07:53:38,3.73,39.65,
S7,2024/11/15 08:03:38,8.99,66.17,
S8,2024/11/15 08:13:38,7.21,69.87,
S9,2024/11/15 08:23:38,-4.93,34.82,
S0,2024/11/15 08:33:38,46.06,38.26,
S1,2024/11/15 08:43:38,32.66,79.1,
S2,2024/11/15 08:53:38,-7.17,85.07,
S3,2024/11/15 09:03:38,47.91,30.8,
S4,2024/11/15 09:13:38,-5.8,39.09,969.17
S5,2024/11/15 09:23:38,26.11,28.68,
S6,2024/11/15 09:33:38,23.58,63.32,
S7,2024/11/15 09:43:38,19.37,54.03,
S8,2024/11/15 09:53:38,25.21,85.21,
S9,2024/11/15 10:03:38,38.03,80.75,
S0,2024/11/15 10:13:38,14.09,81.35,
S1,2024/11/15 10:23:38,-5.17,51.48,
S2,2024/11/15 10:33:38,44.47,58.22,
S3,2024/11/15 10:43:38,-6.19,84.88,1000.76
S4,2024/11/15 10:53:38,40.74,10.52,
S5,2024/11/15 11:03:38,13.77,19.83,
S6,2024/11/15 11:13:38,19.23,66.66,1009.88
S7,2024/11/15 11:23:38,13.58,85.93,
S8,2024/11/15 11:33:38,13.09,14.61,902.41
S9,2024/11/15 11:43:38,29.59,44.36,912.58
S0,2024/11/15 11:53:38,1.81,58.27,
S1,2024/11/15 12:03:38,13.58,22.85,
S2,2024/11/15 12:13:38,29.88,23.96,
S3,2024/11/15 12:23:38,28.25,57.19,928.1
S4,2024/11/15 12:33:38,26.02,22.65,
S5,2024/11/15 12:43:38,46.71,77.86,
S6,2024/11/15 12:53:38,29.3,49.02,
S7,2024/11/15 13:03:38,27.5,30.13,1063.67
S8,2024/11/15 13:13:38,48.25,68.36,
S9,2024/11/15 13:23:38,5.4,50.73,912.56
S0,2024/11/15 13:33:38,40.97,49.48,
S1,2024/11/15 13:43:38,-1.05,31.42,925.1
S2,2024/11/15 13:53:38,47.32,44.49,
S3,2024/11/15 14:03:38,38.47,14.69,
S4,2024/11/15 14:13:38,20.44,31.25,988.26
S5,2024/11/15 14:23:38,8.29,75.86,1032.67
S6,2024/11/15 14:33:38,3.48,54.91,
S7,2024/11/15 14:43:38,21.13,12.06,
S8,2024/11/15 14:53:38,28.65,11.52,1014.0
S9,2024/11/15 15:03:38,17.34,55.53,917.08
S0,2024/11/15 15:13:38,44.09,34.83,
S1,2024/11/15 15:23:38,18.57,13.97,1042.68
S2,2024/11/15 15:33:38,13.13,40.19,1046.87
S3,2024/11/15 15:43:38,35.35,60.1,
S4,2024/11/15 15:53:38,-5.12,64.93,
S5,2024/11/15 16:03:38,46.04,61.43,1089.47
S6,2024/11/15 16:13:38,1.29,89.79,931.83
S7,2024/11/15 16:23:38,24.96,88.98,
S8,2024/11/15 16:33:38,22.31,24.71,
S9,2024/11/15 16:43:38,19.53,75.15,
S0,2024/11/15 16:53:38,6.01,42.89,1057.19
S1,2024/11/15 17:03:38,22.22,64.47,956.62
S2,2024/11/15 17:13:38,4.44,81.21,
S3,2024/11/15 17:23:38,3.43,22.75,936.63
S4,2024/11/15 17:33:38,15.74,78.74,
S5,2024/11/15 17:43:38,0.73,12.15,983.46
S6,2024/11/15 17:53:38,45.53,21.13,1047.35
S7,2024/11/15 18:03:38,10.1,15.68,
S8,2024/11/15 18:13:38,14.16,81.58,
S9,2024/11/15 18:23:38,48.82,16.96,1054.37
S0,2024/11/15 18:33:38,11.21,20.13,973.32
S1,2024/11/15 18:43:38,30.01,77.13,
S2,2024/11/15 18:53:38,11.01,70.59,
S3,2024/11/15 19:03:38,20.05,56.63,1080.69
S4,2024/11/15 19:13:38,31.06,35.7,969.69
S5,2024/11/15 19:23:38,22.51,49.56,
S6,2024/11/15 19:33:38,48.9,39.83,1063.16
S7,2024/11/15 19:43:38,18.13,56.15,
S8,2024/11/15 19:53:38,41.69,59.57,
S9,2024/11/15 20:03:38,0.97,16.72,921.53
S0,2024/11/15 20:13:38,35.72,88.19,
S1,2024/11/15 20:23:38,-6.87,35.79,952.89
S2,2024/11/15 20:33:38,30.41,26.94,
S3,2024/11/15 20:43:38,-0.66,82.14,
S4,2024/11/15 20:53:38,38.45,48.75,
S5,2024/11/15 21:03:38,41.45,81.36,
S6,2024/11/15 21:13:38,48.69,16.4,1057.26
S7,2024/11/15 21:23:38,38.99,27.44,
S8,2024/11/15 21:33:38,32.21,34.12,
S9,2024/11/15 21:43:38,0.65,35.38,
S0,2024/11/15 21:53:38,37.34,86.26,1053.27
S1,2024/11/15 22:03:38,-8.06,75.59,
S2,2024/11/15 22:13:38,39.08,10.17,
S3,2024/11/15 22:23:38,31.28,38.13,902.97
S4,2024/11/15 22:33:38,32.95,27.86,
S5,2024/11/15 22:43:38,24.58,59.93,996.68
S6,2024/11/15 22:53:38,12.97,35.78,
S7,2024/11/15 23:03:38,-3.76,28.19,
S8,2024/11/15 23:13:38,43.29,73.68,1078.37
S9,2024/11/15 23:23:38,-6.42,43.33,
S0,2024/11/15 23:33:38,47.85,28.48,
S1,2024/11/15 23:43:38,-7.07,21.82,
S2,2024/11/15 23:53:38,0.75,64.52,
S3,2024/11/16 00:03:38,38.02,43.87,
S4,2024/11/16 00:13:38,12.02,57.35,
S5,2024/11/16 00:23:38,11.52,18.09,945.16
S6,2024/11/16 00:33:38,35.51,50.07,
S7,2024/11/16 00:43:38,46.04,59.37,
S8,2024/11/16 00:53:38,-3.36,62.71,1008.53
S9,2024/11/16 01:03:38,-3.34,36.95,
S0,2024/11/16 01:13:38,28.15,14.21,
S1,2024/11/16 01:23:38,-5.4,61.14,
S2,2024/11/16 01:33:38,35.77,60.16,948.88
S3,2024/11/16 01:43:38,46.17,77.68,1016.42
S4,2024/11/16 01:53:38,42.19,16.43,1062.57
S5,2024/11/16 02:03:38,37.5,63.99,1099.5
S6,2024/11/16 02:13:38,8.63,27.64,
S7,2024/11/16 02:23:38,13.16,40.04,
S8,2024/11/16 02:33:38,-1.58,32.39,
S9,2024/11/16 02:43:38,-2.89,41.29,941.88
S0,2024/11/16 02:53:38,42.18,12.49,917.94
S1,2024/11/16 03:03:38,22.47,77.15,1029.19
S2,2024/11/16 03:13:38,7.33,47.43,930.31
S3,2024/11/16 03:23:38,15.36,15.44,
S4,2024/11/16 03:33:38,42.12,71.96,1035.65
S5,2024/11/16 03:43:38,4.74,44.92,
S6,2024/11/16 03:53:38,4.86,12.85,1095.08
S7,2024/11/16 04:03:38,49.13,43.01,
S8,2024/11/16 04:13:38,47.54,70.22,1037.66
S9,2024/11/16 04:23:38,38.18,36.16,1004.78
S0,2024/11/16 04:33:38,7.54,61.92,1042.54
S1,2024/11/16 04:43:38,30.19,14.21,
S2,2024/11/16 04:53:38,20.1,27.19,
S3,2024/11/16 05:03:38,34.92,28.31,927.64
S4,2024/11/16 05:13:38,34.13,76.3,
S5,2024/11/16 05:23:38,22.82,56.17,930.67
S6,2024/11/16 05:33:38,42.72,77.37,1008.96
S7,2024/11/16 05:43:38,3.58,52.31,
S8,2024/11/16 05:53:38,45.21,28.12,
S9,2024/11/16 06:03:38,26.86,34.83,
S0,2024/11/16 06:13:38,45.46,75.84,980.48
S1,2024/11/16 06:23:38,22.23,17.9,
S2,2024/11/16 06:33:38,18.39,12.85,982.98
S3,2024/11/16 06:43:38,17.3,20.29,1065.41
S4,2024/11/16 06:53:38,24.35,56.98,1074.64
S5,2024/11/16 07:03:38,-8.47,41.74,966.74
S6,2024/11/16 07:13:38,18.42,80.11,
S7,2024/11/16 07:23:38,41.87,54.33,962.81
S8,2024/11/16 07:33:38,27.39,46.95,909.0
S9,2024/11/16 07:43:38,48.7,26.15,1042.31
S0,2024/11/16 07:53:38,21.81,58.63,1085.15
S1,2024/11/16 08:03:38,29.24,38.88,
S2,2024/11/16 08:13:38,-4.88,33.03,
S3,2024/11/16 08:23:38,5.21,30.36,1088.25
S4,2024/11/16 08:33:38,44.52,83.77,
S5,2024/11/16 08:43:38,42.02,53.82,1052.53
S6,2024/11/16 08:53:38,19.62,63.11,1039.65
S7,2024/11/16 09:03:38,47.27,34.61,
S8,2024/11/16 09:13:38,32.11,13.7,
S9,2024/11/16 09:23:38,-5.9,68.34,906.52
S0,2024/11/16 09:33:38,17.71,54.36,
S1,2024/11/16 09:43:38,3.31,55.47,957.08
S2,2024/11/16 09:53:38,44.84,18.34,994.57
S3,2024/11/16 10:03:38,-7.83,67.34,
S4,2024/11/16 10:13:38,4.97,14.95,
S5,2024/11/16 10:23:38,19.67,58.32,911.54
S6,2024/11/16 10:33:38,-4.75,67.06,
S7,2024/11/16 10:43:38,-2.42,83.05,
S8,2024/11/16 10:53:38,44.64,17.27,
S9,2024/11/16 11:03:38,-9.36,47.84,923.76
S0,2024/11/16 11:13:38,-2.44,21.07,
S1,2024/11/16 11:23:38,0.4,75.04,
S2,2024/11/16 11:33:38,-1.9,51.23,1073.68
S3,2024/11/16 11:43:38,29.5,83.9,923.79
S4,2024/11/16 11:53:38,45.21,29.45,922.06
S5,2024/11/16 12:03:38,9.81,43.22,916.88
S6,2024/11/16 12:13:38,44.24,55.38,1072.56
S7,2024/11/16 12:23:38,26.98,59.43,978.47
S8,2024/11/16 12:33:38,16.81,70.23,921.6
S9,2024/11/16 12:43:38,-8.4,70.42,
S0,2024/11/16 12:53:38,-1.14,61.95,1003.06
S1,2024/11/16 13:03:38,29.8,72.13,
S2,2024/11/16 13:13:38,34.4,64.1,
S3,2024/11/16 13:23:38,25.45,75.73,
S4,2024/11/16 13:33:38,-6.32,71.93,974.72
S5,2024/11/16 13:43:38,29.34,19.09,902.32
S6,2024/11/16 13:53:38,12.13,30.22,
S7,2024/11/16 14:03:38,27.94,30.92,999.17
S8,2024/11/16 14:13:38,16.72,38.22,
S9,2024/11/16 14:23:38,43.42,72.73,
S0,2024/11/16 14:33:38,44.78,45.81,
S1,2024/11/16 14:43:38,14.46,74.65,
S2,2024/11/16 14:53:38,47.8,79.83,
S3,2024/11/16 15:03:38,22.36,86.89,
S4,2024/11/16 15:13:38,30.05,58.08,
S5,2024/11/16 15:23:38,15.92,27.46,943.75
S6,2024/11/16 15:33:38,23.11,23.3,1048.18
S7,2024/11/16 15:43:38,26.87,77.74,
S8,2024/11/16 15:53:38,17.57,11.57,
S9,2024/11/16 16:03:38,14.51,54.36,1035.78
